PERIOD,carbon_cap_tco2_per_yr,carbon_cost_dollar_per_tco2
2023,4807093401.79226,0.0
2028,4856000000.0,0.0
2033,3726980000.0,0.0
2038,2597960000.0,0.0
2043,1468940000.0,0.0
2048,339920000.00000006,0.0
